"Data";"Hora (UTC)";"Temp. [Hora] (C)";"Umi. (%)";"Pressao (hPa)";"Vel. Vento (m/s)";"Dir. Vento (m/s)";"Nebulosidade (Decimos)";"Insolacao (h)";"Temp. Max. [Diaria] (h)";"Temp. Min. [Diaria] (h)";"Chuva [Diaria] (mm)"
"29/04/2024";"0000";"19,2";"81,0";"1007,6";"2,1";"140,0";"7,5";"0,00";"21,1";"";""
"29/04/2024";"1200";"19,9";"92,0";"1005,5";"2,1";"320,0";"10,0";"";"";"19,0";"0,1"
"29/04/2024";"1800";"20,9";"98,0";"1004,8";"1,5";"140,0";"10,0";"";"";"";""
"30/04/2024";"0000";"20,5";"96,0";"1003,4";"2,1";"360,0";"10,0";"0,00";"21,1";"";""
"30/04/2024";"1200";"20,7";"96,0";"1006,7";"4,1";"360,0";"10,0";"";"";"20,0";"99,1"
"30/04/2024";"1800";"19,9";"96,0";"1005,9";"1,5";"50,0";"10,0";"";"";"";""
"01/05/2024";"0000";"19,8";"96,0";"1006,4";"2,1";"90,0";"10,0";"0,00";"21,1";"";""
"01/05/2024";"1200";"20,2";"97,0";"1003,1";"1,0";"270,0";"10,0";"";"";"19,4";"60,5"
"01/05/2024";"1800";"20,7";"98,0";"1004,2";"2,1";"320,0";"10,0";"";"";"";""
"02/05/2024";"0000";"19,7";"98,0";"1002,2";"2,1";"140,0";"10,0";"0,00";"20,9";"";""
"02/05/2024";"1200";"20,2";"99,0";"998,4";"0,0";"0,0";"10,0";"";"";"19,4";"99,0"
"02/05/2024";"1800";"20,3";"96,0";"1000,6";"2,1";"180,0";"10,0";"";"";"";""
"03/05/2024";"0000";"17,8";"95,0";"1005,6";"3,1";"140,0";"10,0";"0,00";"18,5";"";""
"03/05/2024";"1200";"16,9";"94,0";"1009,8";"3,1";"140,0";"10,0";"";"";"16,4";"19,9"
"03/05/2024";"1800";"18,5";"90,0";"1007,1";"2,1";"140,0";"10,0";"";"";"";""
"04/05/2024";"0000";"18,4";"97,0";"1006,8";"3,1";"140,0";"10,0";"0,00";"23,9";"";""
"04/05/2024";"1200";"19,8";"99,0";"1007,6";"1,0";"90,0";"10,0";"";"";"18,2";"7,6"
"04/05/2024";"1800";"23,5";"90,0";"1006,8";"1,0";"140,0";"10,0";"";"";"";""
"05/05/2024";"0000";"21,2";"96,0";"1009,1";"2,1";"360,0";"10,0";"4,30";"29,5";"";""
"05/05/2024";"1200";"20,3";"95,0";"1010,0";"0,5";"140,0";"10,0";"";"";"19,4";"23,4"
"05/05/2024";"1800";"28,9";"71,0";"1007,1";"1,5";"50,0";"7,5";"";"";"";""
"06/05/2024";"0000";"22,9";"91,0";"1007,9";"1,5";"140,0";"5,0";"7,90";"33,3";"";""
"06/05/2024";"1200";"25,9";"71,0";"1005,1";"2,6";"180,0";"5,0";"";"";"19,8";"0,5"
"06/05/2024";"1800";"32,9";"48,0";"1001,9";"2,6";"360,0";"2,5";"";"";"";""
"07/05/2024";"0000";"23,4";"86,0";"1004,0";"4,1";"140,0";"3,8";"7,60";"33,4";"";""
"07/05/2024";"1200";"24,5";"73,0";"1003,8";"9,3";"50,0";"5,0";"";"";"20,2";"0,0"
"07/05/2024";"1800";"32,9";"50,0";"1000,4";"2,1";"360,0";"6,3";"";"";"";""
"08/05/2024";"0000";"26,9";"72,0";"1001,0";"1,5";"360,0";"10,0";"4,00";"32,5";"";""
"08/05/2024";"1200";"27,8";"59,0";"1000,2";"";"";"8,8";"";"";"23,5";"0,0"
"08/05/2024";"1800";"23,9";"91,0";"1000,8";"3,1";"270,0";"10,0";"";"";"";""
"09/05/2024";"0000";"23,0";"89,0";"1006,7";"2,6";"270,0";"7,5";"7,00";"23,2";"";""
"09/05/2024";"1200";"17,1";"72,0";"1015,4";"0,5";"230,0";"5,0";"";"";"14,8";"5,7"
"09/05/2024";"1800";"21,7";"58,0";"1013,0";"0,0";"0,0";"5,0";"";"";"";""
"10/05/2024";"0000";"14,5";"79,0";"1014,6";"2,1";"140,0";"0,0";"0,00";"18,3";"";""
"10/05/2024";"1200";"17,5";"86,0";"1008,3";"3,1";"140,0";"10,0";"";"";"12,6";"0,0"
"10/05/2024";"1800";"17,7";"97,0";"1007,4";"2,1";"180,0";"10,0";"";"";"";""
"11/05/2024";"0000";"18,3";"97,0";"1008,2";"1,5";"140,0";"10,0";"0,00";"20,1";"";""
"11/05/2024";"1200";"18,3";"99,0";"1006,8";"0,0";"0,0";"";"";"";"17,2";"42,8"
"11/05/2024";"1800";"19,5";"99,0";"1004,4";"0,5";"270,0";"10,0";"";"";"";""
"12/05/2024";"0000";"19,4";"97,0";"1005,6";"0,0";"0,0";"10,0";"0,00";"20,8";"";""
"12/05/2024";"1200";"19,5";"99,0";"1003,2";"2,1";"140,0";"10,0";"";"";"18,9";"49,9"
"12/05/2024";"1800";"20,4";"97,0";"1000,2";"1,5";"270,0";"10,0";"";"";"";""
"13/05/2024";"0000";"19,8";"97,0";"1000,8";"2,6";"320,0";"10,0";"0,00";"19,8";"";""
"13/05/2024";"1200";"16,7";"93,0";"1007,4";"2,1";"230,0";"10,0";"";"";"16,3";"35,2"
"13/05/2024";"1800";"16,1";"94,0";"1009,0";"2,1";"230,0";"10,0";"";"";"";""
"14/05/2024";"0000";"15,1";"80,0";"1013,2";"2,1";"230,0";"7,5";"7,10";"16,5";"";""
"14/05/2024";"1200";"11,9";"80,0";"1017,5";"2,1";"270,0";"2,5";"";"";"10,0";"1,2"
"14/05/2024";"1800";"16,1";"60,0";"1015,5";"3,1";"320,0";"2,5";"";"";"";""
"15/05/2024";"0000";"12,5";"74,0";"1015,8";"1,5";"270,0";"7,5";"7,10";"16,3";"";""
"15/05/2024";"1200";"10,3";"83,0";"1017,0";"2,1";"270,0";"2,5";"";"";"7,2";"0,0"
"15/05/2024";"1800";"15,9";"58,0";"1013,9";"2,1";"270,0";"2,5";"";"";"";""
"16/05/2024";"0000";"9,7";"93,0";"1012,7";"1,0";"140,0";"0,0";"0,00";"13,6";"";""
"16/05/2024";"1200";"11,4";"83,0";"1009,8";"1,0";"90,0";"10,0";"";"";"6,7";"0,0"
"16/05/2024";"1800";"13,1";"96,0";"1006,4";"1,0";"270,0";"10,0";"";"";"";""
"17/05/2024";"0000";"13,0";"95,0";"1008,8";"2,1";"270,0";"10,0";"6,60";"18,2";"";""
"17/05/2024";"1200";"12,9";"94,0";"1012,6";"1,5";"270,0";"6,3";"";"";"12,2";"11,9"
"17/05/2024";"1800";"17,9";"58,0";"1010,6";"1,0";"270,0";"5,0";"";"";"";""
"18/05/2024";"0000";"11,7";"94,0";"1013,2";"0,0";"0,0";"5,0";"3,70";"17,1";"";""
"18/05/2024";"1200";"11,7";"94,0";"1015,9";"2,1";"180,0";"3,8";"";"";"9,8";"0,0"
"18/05/2024";"1800";"15,2";"78,0";"1015,1";"1,5";"140,0";"8,8";"";"";"";""
"19/05/2024";"0000";"14,2";"82,0";"1017,1";"0,5";"140,0";"8,8";"0,00";"15,9";"";""
"19/05/2024";"1200";"14,1";"99,0";"1015,5";"0,0";"0,0";"10,0";"";"";"12,7";"1,7"
"19/05/2024";"1800";"15,7";"90,0";"1012,7";"2,1";"270,0";"10,0";"";"";"";""
"20/05/2024";"0000";"14,8";"90,0";"1014,2";"3,6";"320,0";"10,0";"0,60";"17,4";"";""
"20/05/2024";"1200";"14,5";"88,0";"1016,3";"2,1";"270,0";"10,0";"";"";"13,8";"0,9"
"20/05/2024";"1800";"17,1";"83,0";"1015,0";"1,0";"320,0";"8,8";"";"";"";""
"21/05/2024";"0000";"13,9";"95,0";"1015,1";"1,5";"140,0";"0,0";"5,80";"26,0";"";""
"21/05/2024";"1200";"13,3";"99,0";"1014,2";"0,0";"0,0";"";"";"";"13,0";"0,3"
"21/05/2024";"1800";"25,7";"59,0";"1010,2";"0,0";"0,0";"2,5";"";"";"";""
"22/05/2024";"0000";"18,8";"86,0";"1010,4";"0,0";"0,0";"0,0";"5,60";"28,7";"";""
"22/05/2024";"1200";"19,5";"87,0";"1008,6";"0,5";"270,0";"8,8";"";"";"15,8";"0,0"
"22/05/2024";"1800";"28,3";"65,0";"1005,2";"0,5";"90,0";"2,5";"";"";"";""
"23/05/2024";"0000";"21,6";"85,0";"1003,6";"0,0";"0,0";"0,0";"0,00";"22,4";"";""
"23/05/2024";"1200";"19,1";"99,0";"1006,4";"1,5";"180,0";"10,0";"";"";"17,9";"24,0"
"23/05/2024";"1800";"18,9";"99,0";"1004,8";"2,1";"90,0";"10,0";"";"";"";""
"24/05/2024";"0000";"17,8";"96,0";"1002,8";"2,1";"180,0";"10,0";"0,00";"18,2";"";""
"24/05/2024";"1200";"17,4";"98,0";"1005,8";"1,5";"230,0";"10,0";"";"";"16,8";"102,2"
"24/05/2024";"1800";"14,6";"95,0";"1003,9";"3,6";"140,0";"10,0";"";"";"";""
"25/05/2024";"0000";"12,2";"87,0";"1014,0";"2,1";"230,0";"7,5";"1,00";"13,6";"";""
"25/05/2024";"1200";"10,4";"84,0";"1020,3";"1,5";"270,0";"10,0";"";"";"10,0";"17,3"
"25/05/2024";"1800";"12,4";"79,0";"1019,2";"1,0";"270,0";"10,0";"";"";"";""
"26/05/2024";"0000";"11,4";"93,0";"1021,4";"1,0";"270,0";"10,0";"1,60";"15,2";"";""
"26/05/2024";"1200";"10,6";"85,0";"1022,4";"1,0";"140,0";"10,0";"";"";"9,8";"2,1"
"26/05/2024";"1800";"14,6";"76,0";"1019,8";"1,5";"140,0";"10,0";"";"";"";""
"27/05/2024";"0000";"12,0";"90,0";"1019,2";"1,0";"140,0";"7,5";"0,00";"17,0";"";""
"27/05/2024";"1200";"14,7";"97,0";"1015,1";"3,1";"140,0";"10,0";"";"";"11,8";"6,4"
"27/05/2024";"1800";"16,7";"97,0";"1010,3";"1,0";"140,0";"10,0";"";"";"";""
"28/05/2024";"0000";"14,3";"92,0";"1011,0";"3,1";"270,0";"10,0";"0,10";"14,7";"";""
"28/05/2024";"1200";"11,3";"71,0";"1011,1";"5,7";"320,0";"10,0";"";"";"10,8";"24,1"
"28/05/2024";"1800";"12,1";"86,0";"1013,1";"3,6";"270,0";"10,0";"";"";"";""
"29/05/2024";"0000";"12,4";"97,0";"1015,9";"1,5";"270,0";"8,8";"5,00";"19,6";"";""
"29/05/2024";"1200";"12,5";"99,0";"1019,1";"1,0";"270,0";"";"";"";"11,8";"3,0"
"29/05/2024";"1800";"18,4";"76,0";"1018,3";"1,5";"180,0";"5,0";"";"";"";""
"30/05/2024";"0000";"13,5";"96,0";"1019,0";"0,5";"360,0";"0,0";"4,00";"18,0";"";""
"30/05/2024";"1200";"12,8";"94,0";"1020,2";"1,0";"180,0";"10,0";"";"";"11,4";"0,1"
"30/05/2024";"1800";"17,3";"70,0";"1018,2";"2,1";"270,0";"5,0";"";"";"";""
"31/05/2024";"0000";"11,1";"95,0";"1019,6";"1,0";"360,0";"0,0";"5,50";"20,2";"";""
"31/05/2024";"1200";"11,4";"99,0";"1019,5";"0,0";"0,0";"";"";"";"7,7";"0,2"
"31/05/2024";"1800";"19,6";"69,0";"1016,6";"2,1";"140,0";"5,0";"";"";"";""
"01/06/2024";"0000";"13,6";"91,0";"1016,3";"1,0";"90,0";"2,5";"5,80";"23,4";"";""
"01/06/2024";"1200";"11,2";"96,0";"1016,0";"0,5";"360,0";"7,5";"";"";"9,0";"0,1"
"01/06/2024";"1800";"22,2";"57,0";"1012,4";"2,1";"360,0";"7,5";"";"";"";""
"02/06/2024";"0000";"14,8";"93,0";"1012,7";"0,5";"140,0";"0,0";"7,50";"27,6";"";""
"02/06/2024";"1200";"16,6";"78,0";"1013,0";"2,1";"360,0";"0,0";"";"";"12,8";"0,0"
"02/06/2024";"1800";"27,5";"52,0";"1009,9";"3,1";"320,0";"2,5";"";"";"";""
"03/06/2024";"0000";"18,6";"90,0";"1010,2";"0,5";"320,0";"6,3";"0,80";"18,9";"";""
"03/06/2024";"1200";"11,3";"97,0";"1019,9";"1,5";"230,0";"10,0";"";"";"11,1";"12,2"
"03/06/2024";"1800";"13,3";"85,0";"1020,6";"1,5";"140,0";"8,8";"";"";"";""
"04/06/2024";"0000";"10,8";"94,0";"1021,9";"1,0";"140,0";"8,8";"3,90";"18,2";"";""
"04/06/2024";"1200";"9,5";"79,0";"1021,5";"3,1";"140,0";"2,5";"";"";"7,4";"4,1"
"04/06/2024";"1800";"17,1";"76,0";"1017,4";"1,5";"140,0";"10,0";"";"";"";""
"05/06/2024";"0000";"15,0";"80,0";"1017,1";"2,6";"140,0";"7,5";"4,40";"25,1";"";""
"05/06/2024";"1200";"13,5";"94,0";"1015,4";"0,5";"90,0";"8,8";"";"";"12,2";"0,0"
"05/06/2024";"1800";"22,0";"75,0";"1012,6";"2,6";"140,0";"10,0";"";"";"";""
"06/06/2024";"0000";"16,3";"97,0";"1014,7";"1,5";"360,0";"7,5";"5,70";"27,1";"";""
"06/06/2024";"1200";"15,9";"99,0";"1013,5";"0,5";"180,0";"8,8";"";"";"14,4";"1,1"
"06/06/2024";"1800";"26,9";"66,0";"1011,4";"1,5";"230,0";"7,5";"";"";"";""
"07/06/2024";"0000";"19,8";"95,0";"1013,0";"0,5";"140,0";"0,0";"6,90";"28,0";"";""
"07/06/2024";"1200";"17,5";"97,0";"1008,2";"0,0";"230,0";"0,0";"";"";"16,0";"0,0"
"07/06/2024";"1800";"27,6";"55,0";"1013,1";"0,0";"0,0";"0,0";"";"";"";""
"08/06/2024";"0000";"19,4";"92,0";"1014,3";"0,5";"90,0";"0,0";"5,60";"27,8";"";""
"08/06/2024";"1200";"16,6";"90,0";"1015,1";"0,5";"270,0";"3,8";"";"";"15,4";"0,0"
"08/06/2024";"1800";"27,2";"62,0";"1011,8";"0,0";"0,0";"10,0";"";"";"";""
"09/06/2024";"0000";"20,5";"88,0";"1011,0";"1,0";"140,0";"0,0";"6,50";"30,0";"";""
"09/06/2024";"1200";"20,2";"75,0";"1008,6";"2,1";"50,0";"2,5";"";"";"15,6";"0,0"
"09/06/2024";"1800";"29,8";"50,0";"1004,2";"2,1";"360,0";"3,8";"";"";"";""
"10/06/2024";"0000";"21,6";"86,0";"1004,7";"3,1";"230,0";"0,0";"7,20";"27,5";"";""
"10/06/2024";"1200";"19,9";"92,0";"1007,4";"0,5";"320,0";"2,5";"";"";"19,0";"0,0"
"10/06/2024";"1800";"22,5";"78,0";"1008,8";"3,6";"140,0";"2,5";"";"";"";""
"11/06/2024";"0000";"17,9";"90,0";"1012,2";"1,5";"140,0";"6,3";"0,00";"20,8";"";""
"11/06/2024";"1200";"17,3";"93,0";"1014,6";"2,1";"140,0";"10,0";"";"";"16,4";"0,0"
"11/06/2024";"1800";"20,1";"88,0";"1012,6";"1,5";"140,0";"10,0";"";"";"";""
"12/06/2024";"0000";"19,0";"93,0";"1012,3";"1,0";"140,0";"7,5";"6,80";"30,4";"";""
"12/06/2024";"1200";"17,9";"97,0";"1011,5";"0,0";"0,0";"8,8";"";"";"17,2";"0,2"
"12/06/2024";"1800";"30,1";"52,0";"1008,3";"1,5";"320,0";"2,5";"";"";"";""
"13/06/2024";"0000";"21,6";"85,0";"1008,7";"0,0";"0,0";"0,0";"5,80";"29,5";"";""
"13/06/2024";"1200";"19,3";"79,0";"1008,2";"0,5";"320,0";"2,5";"";"";"17,1";"0,0"
"13/06/2024";"1800";"29,1";"47,0";"1003,5";"2,1";"360,0";"8,8";"";"";"";""
"14/06/2024";"0000";"23,9";"65,0";"1003,4";"2,1";"360,0";"6,3";"7,40";"32,4";"";""
"14/06/2024";"1200";"21,0";"65,0";"1005,8";"0,5";"320,0";"5,0";"";"";"19,0";"0,0"
"14/06/2024";"1800";"32,2";"38,0";"1002,2";"1,0";"320,0";"0,0";"";"";"";""
"15/06/2024";"0000";"23,4";"72,0";"1003,6";"1,0";"320,0";"0,0";"0,00";"26,0";"";""
"15/06/2024";"1200";"20,6";"88,0";"1009,4";"2,6";"140,0";"10,0";"";"";"20,6";"0,0"
"15/06/2024";"1800";"20,8";"86,0";"1010,4";"1,5";"140,0";"10,0";"";"";"";""
"16/06/2024";"0000";"18,2";"96,0";"1012,7";"1,5";"140,0";"10,0";"0,00";"18,4";"";""
"16/06/2024";"1200";"17,8";"97,0";"1010,6";"2,6";"140,0";"10,0";"";"";"17,7";"24,4"
"16/06/2024";"1800";"18,2";"97,0";"1009,2";"1,5";"90,0";"10,0";"";"";"";""
"17/06/2024";"0000";"17,6";"94,0";"1007,1";"2,6";"140,0";"10,0";"0,00";"20,1";"";""
"17/06/2024";"1200";"18,1";"97,0";"1007,1";"1,5";"320,0";"10,0";"";"";"17,2";"23,7"
"17/06/2024";"1800";"19,4";"91,0";"1005,1";"1,5";"180,0";"10,0";"";"";"";""
"18/06/2024";"0000";"18,6";"95,0";"1005,9";"1,0";"360,0";"10,0";"3,50";"24,1";"";""
"18/06/2024";"1200";"17,5";"96,0";"1005,6";"0,0";"0,0";"7,5";"";"";"16,9";"0,2"
"18/06/2024";"1800";"23,5";"73,0";"1003,4";"1,5";"50,0";"8,8";"";"";"";""
"19/06/2024";"0000";"19,2";"92,0";"1003,6";"1,0";"360,0";"7,5";"0,00";"20,0";"";""
"19/06/2024";"1200";"17,9";"99,0";"1009,0";"3,1";"50,0";"10,0";"";"";"17,0";"63,0"
"19/06/2024";"1800";"18,3";"90,0";"1005,4";"4,1";"90,0";"8,8";"";"";"";""
"20/06/2024";"0000";"18,8";"94,0";"1008,3";"1,0";"230,0";"10,0";"1,20";"20,4";"";""
"20/06/2024";"1200";"18,1";"93,0";"1013,6";"2,1";"180,0";"10,0";"";"";"17,4";"10,7"
"20/06/2024";"1800";"19,1";"90,0";"1012,8";"2,1";"140,0";"10,0";"";"";"";""
"21/06/2024";"0000";"18,8";"92,0";"1014,2";"1,5";"140,0";"10,0";"0,00";"19,8";"";""
"21/06/2024";"1200";"17,7";"99,0";"1013,6";"1,5";"90,0";"10,0";"";"";"17,6";"7,6"
"21/06/2024";"1800";"18,6";"95,0";"1008,6";"1,5";"230,0";"10,0";"";"";"";""
"22/06/2024";"0000";"18,4";"94,0";"1006,6";"0,5";"230,0";"7,5";"7,30";"30,4";"";""
"22/06/2024";"1200";"17,0";"96,0";"1005,9";"0,0";"0,0";"2,5";"";"";"15,8";"10,5"
"22/06/2024";"1800";"30,2";"50,0";"1003,0";"1,5";"360,0";"0,0";"";"";"";""
"23/06/2024";"0000";"21,7";"87,0";"1001,8";"0,0";"0,0";"2,5";"2,90";"26,6";"";""
"23/06/2024";"1200";"19,4";"94,0";"1001,6";"0,5";"140,0";"6,3";"";"";"18,6";"13,2"
"23/06/2024";"1800";"26,4";"68,0";"1001,0";"1,5";"320,0";"7,5";"";"";"";""
"24/06/2024";"0000";"17,8";"92,0";"1005,8";"2,1";"140,0";"10,0";"0,00";"18,9";"";""
"24/06/2024";"1200";"14,1";"94,0";"1012,0";"2,1";"180,0";"10,0";"";"";"13,8";"1,8"
"24/06/2024";"1800";"15,5";"83,0";"1012,3";"2,1";"180,0";"8,8";"";"";"";""
"25/06/2024";"0000";"13,2";"84,0";"1016,7";"2,1";"180,0";"7,5";"6,10";"15,9";"";""
"25/06/2024";"1200";"10,9";"82,0";"1020,7";"";"";"2,5";"";"";"10,2";"0,4"
"25/06/2024";"1800";"15,5";"63,0";"1017,2";"3,1";"140,0";"7,5";"";"";"";""
"26/06/2024";"0000";"12,0";"89,0";"1015,4";"2,6";"140,0";"10,0";"0,00";"13,6";"";""
"26/06/2024";"1200";"13,2";"98,0";"1008,8";"2,6";"270,0";"10,0";"";"";"11,8";"8,9"
"26/06/2024";"1800";"13,2";"91,0";"1009,8";"2,1";"230,0";"10,0";"";"";"";""
"27/06/2024";"0000";"11,8";"96,0";"1011,6";"1,5";"270,0";"10,0";"7,50";"17,2";"";""
"27/06/2024";"1200";"10,8";"82,0";"1010,2";"2,6";"320,0";"2,5";"";"";"9,3";"4,4"
"27/06/2024";"1800";"17,2";"53,0";"1006,0";"4,1";"320,0";"0,0";"";"";"";""
"28/06/2024";"0000";"11,5";"95,0";"1003,6";"1,0";"230,0";"0,0";"6,40";"19,6";"";""
"28/06/2024";"1200";"13,2";"80,0";"1005,9";"4,1";"270,0";"7,5";"";"";"9,4";"0,0"
"28/06/2024";"1800";"19,2";"62,0";"1005,0";"4,1";"270,0";"6,3";"";"";"";""
"29/06/2024";"0000";"13,6";"78,0";"1010,2";"1,5";"230,0";"7,5";"7,70";"13,6";"";""
"29/06/2024";"1200";"9,0";"85,0";"1015,4";"4,6";"320,0";"2,5";"";"";"7,7";"0,0"
"29/06/2024";"1800";"13,0";"53,0";"1014,7";"4,6";"320,0";"2,5";"";"";"";""
"30/06/2024";"0000";"8,6";"64,0";"1017,1";"2,1";"270,0";"0,0";"7,60";"12,8";"";""
"30/06/2024";"1200";"5,6";"79,0";"1018,7";"3,1";"270,0";"0,0";"";"";"4,0";"0,0"
"30/06/2024";"1800";"12,6";"51,0";"1016,3";"3,1";"320,0";"0,0";"";"";"";""
"01/07/2024";"0000";"7,8";"75,0";"1016,8";"1,0";"270,0";"0,0";"7,50";"16,5";"";""
"01/07/2024";"1200";"6,1";"89,0";"1017,0";"1,0";"270,0";"0,0";"";"";"3,2";"0,0"
"01/07/2024";"1800";"16,1";"44,0";"1014,7";"2,1";"320,0";"1,3";"";"";"";""
"02/07/2024";"0000";"8,7";"81,0";"1015,8";"0,0";"0,0";"0,0";"7,40";"24,2";"";""
"02/07/2024";"1200";"7,1";"99,0";"1015,0";"0,0";"0,0";"0,0";"";"";"5,2";"0,0"
"02/07/2024";"1800";"23,7";"40,0";"1010,2";"0,0";"0,0";"0,0";"";"";"";""
"03/07/2024";"0000";"14,0";"80,0";"1008,7";"0,0";"0,0";"0,0";"3,80";"21,4";"";""
"03/07/2024";"1200";"14,9";"84,0";"1009,4";"0,0";"0,0";"10,0";"";"";"11,0";"0,0"
"03/07/2024";"1800";"20,9";"60,0";"1007,8";"0,0";"0,0";"6,3";"";"";"";""
"04/07/2024";"0000";"14,6";"73,0";"1009,6";"1,0";"140,0";"8,8";"0,00";"15,3";"";""
"04/07/2024";"1200";"12,5";"83,0";"1011,4";"2,1";"140,0";"10,0";"";"";"12,0";"0,0"
"04/07/2024";"1800";"12,9";"79,0";"1010,0";"1,5";"140,0";"10,0";"";"";"";""
"05/07/2024";"0000";"12,2";"94,0";"1013,1";"1,5";"180,0";"10,0";"0,00";"12,7";"";""
"05/07/2024";"1200";"11,7";"97,0";"1016,3";"1,5";"180,0";"10,0";"";"";"11,4";"1,8"
"05/07/2024";"1800";"9,9";"95,0";"1017,9";"";"";"10,0";"";"";"";""
"06/07/2024";"0000";"9,3";"89,0";"1020,0";"0,0";"230,0";"10,0";"7,40";"14,2";"";""
"06/07/2024";"1200";"6,5";"80,0";"1022,3";"0,0";"0,0";"2,5";"";"";"2,9";"10,5"
"06/07/2024";"1800";"12,7";"67,0";"1019,2";"1,0";"140,0";"6,3";"";"";"";""
"07/07/2024";"0000";"8,9";"82,0";"1019,5";"1,0";"140,0";"8,8";"0,00";"12,2";"";""
"07/07/2024";"1200";"10,6";"92,0";"1017,9";"0,5";"140,0";"10,0";"";"";"8,8";"0,0"
"07/07/2024";"1800";"12,0";"90,0";"1016,2";"2,1";"180,0";"10,0";"";"";"";""
"08/07/2024";"0000";"10,4";"87,0";"1018,0";"2,1";"180,0";"7,5";"0,30";"11,8";"";""
"08/07/2024";"1200";"9,3";"84,0";"1020,6";"1,0";"230,0";"10,0";"";"";"8,6";"0,4"
"08/07/2024";"1800";"11,5";"72,0";"1018,8";"1,5";"180,0";"8,8";"";"";"";""
"09/07/2024";"0000";"7,3";"81,0";"1019,9";"2,6";"180,0";"7,5";"1,00";"10,5";"";""
"09/07/2024";"1200";"7,1";"77,0";"1020,6";"0,5";"230,0";"8,8";"";"";"6,5";"0,0"
"09/07/2024";"1800";"10,1";"73,0";"1017,1";"0,5";"180,0";"10,0";"";"";"";""
"10/07/2024";"0000";"8,4";"93,0";"1016,7";"0,0";"0,0";"10,0";"0,00";"10,4";"";""
"10/07/2024";"1200";"8,6";"95,0";"1013,4";"0,5";"270,0";"10,0";"";"";"8,0";"19,1"
"10/07/2024";"1800";"10,4";"95,0";"1011,8";"2,1";"320,0";"10,0";"";"";"";""
"11/07/2024";"0000";"9,4";"97,0";"1013,9";"0,5";"320,0";"10,0";"0,00";"12,6";"";""
"11/07/2024";"1200";"9,9";"97,0";"1016,4";"1,5";"320,0";"10,0";"";"";"9,1";"5,0"
"11/07/2024";"1800";"12,3";"85,0";"1016,4";"0,0";"0,0";"10,0";"";"";"";""
"12/07/2024";"0000";"10,2";"93,0";"1020,2";"1,0";"230,0";"10,0";"2,50";"13,6";"";""
"12/07/2024";"1200";"9,2";"86,0";"1026,0";"0,5";"230,0";"10,0";"";"";"8,5";"0,2"
"12/07/2024";"1800";"13,3";"74,0";"1025,1";"2,1";"230,0";"10,0";"";"";"";""
"13/07/2024";"0000";"11,0";"85,0";"1026,7";"1,0";"180,0";"10,0";"0,00";"13,2";"";""
"13/07/2024";"1200";"9,8";"92,0";"1025,6";"2,1";"140,0";"10,0";"";"";"9,4";"0,0"
"13/07/2024";"1800";"11,8";"88,0";"1022,7";"1,0";"140,0";"10,0";"";"";"";""
"14/07/2024";"0000";"13,0";"98,0";"1022,3";"1,0";"180,0";"10,0";"0,00";"15,2";"";""
"14/07/2024";"1200";"13,5";"97,0";"1020,2";"2,6";"140,0";"10,0";"";"";"12,8";"10,0"
"14/07/2024";"1800";"15,0";"89,0";"1019,6";"3,1";"140,0";"10,0";"";"";"";""
"15/07/2024";"0000";"13,4";"96,0";"1021,8";"1,5";"140,0";"5,0";"2,00";"18,4";"";""
"15/07/2024";"1200";"13,5";"87,0";"1024,8";"2,1";"140,0";"8,8";"";"";"12,6";"2,3"
"15/07/2024";"1800";"17,9";"72,0";"1022,6";"3,6";"140,0";"8,8";"";"";"";""
"16/07/2024";"0000";"14,9";"93,0";"1023,6";"2,6";"140,0";"8,8";"0,20";"18,5";"";""
"16/07/2024";"1200";"15,3";"90,0";"1021,9";"2,6";"140,0";"10,0";"";"";"13,9";"0,0"
"16/07/2024";"1800";"17,5";"93,0";"1018,8";"2,6";"140,0";"8,8";"";"";"";""
"17/07/2024";"0000";"16,5";"89,0";"1019,6";"2,1";"140,0";"8,8";"4,30";"19,5";"";""
"17/07/2024";"1200";"15,1";"94,0";"1017,5";"0,0";"140,0";"7,5";"";"";"13,1";"2,0"
"17/07/2024";"1800";"19,2";"75,0";"1015,4";"3,6";"270,0";"6,3";"";"";"";""
"18/07/2024";"0000";"15,2";"91,0";"1017,0";"1,0";"180,0";"7,5";"5,60";"22,4";"";""
"18/07/2024";"1200";"13,6";"97,0";"1018,2";"0,5";"140,0";"";"";"";"12,0";"0,0"
"18/07/2024";"1800";"21,9";"60,0";"1015,6";"0,5";"270,0";"7,5";"";"";"";""
"19/07/2024";"0000";"13,8";"91,0";"1016,4";"2,1";"140,0";"0,0";"6,30";"27,2";"";""
"19/07/2024";"1200";"11,9";"99,0";"1019,8";"";"";"";"";"";"10,6";"0,2"
"19/07/2024";"1800";"25,9";"54,0";"1016,2";"1,5";"320,0";"0,0";"";"";"";""
"20/07/2024";"0000";"18,1";"90,0";"1019,0";"1,5";"140,0";"0,0";"1,20";"19,8";"";""
"20/07/2024";"1200";"14,2";"96,0";"1021,1";"1,0";"180,0";"10,0";"";"";"13,2";"0,0"
"20/07/2024";"1800";"18,4";"79,0";"1017,5";"1,5";"180,0";"7,5";"";"";"";""
"21/07/2024";"0000";"14,7";"93,0";"1017,1";"2,1";"180,0";"7,5";"6,40";"23,0";"";""
"21/07/2024";"1200";"13,8";"93,0";"1015,8";"1,5";"180,0";"10,0";"";"";"13,4";"0,0"
"21/07/2024";"1800";"22,0";"69,0";"1012,8";"0,5";"230,0";"6,3";"";"";"";""
"22/07/2024";"0000";"16,6";"90,0";"1013,9";"0,5";"140,0";"0,0";"7,20";"25,1";"";""
"22/07/2024";"1200";"15,5";"99,0";"1017,8";"1,0";"230,0";"1,3";"";"";"13,4";"0,2"
"22/07/2024";"1800";"24,3";"65,0";"1015,2";"2,1";"320,0";"0,0";"";"";"";""
"23/07/2024";"0000";"17,9";"93,0";"1016,4";"1,5";"140,0";"0,0";"7,00";"29,4";"";""
"23/07/2024";"1200";"14,9";"97,0";"1018,6";"0,0";"0,0";"0,0";"";"";"13,0";"0,1"
"23/07/2024";"1800";"28,4";"50,0";"1015,4";"0,0";"0,0";"7,5";"";"";"";""
"24/07/2024";"0000";"20,6";"72,0";"1015,5";"1,5";"140,0";"6,3";"7,30";"29,4";"";""
"24/07/2024";"1200";"16,4";"87,0";"1017,0";"0,0";"0,0";"6,3";"";"";"14,4";"0,0"
"24/07/2024";"1800";"29,0";"41,0";"1013,6";"3,1";"360,0";"2,5";"";"";"";""
"25/07/2024";"0000";"20,4";"75,0";"1013,4";"0,5";"140,0";"0,0";"4,70";"26,0";"";""
"25/07/2024";"1200";"19,4";"76,0";"1012,7";"1,0";"140,0";"7,5";"";"";"15,2";"0,0"
"25/07/2024";"1800";"25,4";"55,0";"1009,1";"1,5";"360,0";"0,0";"";"";"";""
"26/07/2024";"0000";"18,0";"88,0";"1010,7";"0,5";"360,0";"0,0";"6,10";"23,2";"";""
"26/07/2024";"1200";"16,4";"90,0";"1013,4";"1,5";"140,0";"10,0";"";"";"15,3";"0,0"
"26/07/2024";"1800";"22,9";"69,0";"1011,5";"2,1";"90,0";"7,5";"";"";"";""
"27/07/2024";"0000";"16,9";"90,0";"1012,0";"3,1";"140,0";"6,3";"0,40";"20,8";"";""
"27/07/2024";"1200";"15,8";"96,0";"1012,2";"0,0";"0,0";"10,0";"";"";"15,0";"0,8"
"27/07/2024";"1800";"19,4";"86,0";"1011,1";"0,0";"230,0";"10,0";"";"";"";""
"28/07/2024";"0000";"17,6";"96,0";"1012,6";"0,5";"230,0";"0,0";"0,00";"17,6";"";""
"28/07/2024";"1200";"15,4";"96,0";"1015,5";"1,5";"140,0";"10,0";"";"";"15,0";"2,2"
"28/07/2024";"1800";"15,2";"96,0";"1014,4";"1,5";"180,0";"10,0";"";"";"";""
"29/07/2024";"0000";"14,6";"95,0";"1016,0";"1,0";"180,0";"10,0";"0,00";"14,8";"";""
"29/07/2024";"1200";"11,1";"88,0";"1021,5";"0,5";"230,0";"10,0";"";"";"10,4";"22,1"
"29/07/2024";"1800";"12,9";"78,0";"1021,4";"3,1";"180,0";"10,0";"";"";"";""
"30/07/2024";"0000";"11,4";"83,0";"1024,0";"3,1";"140,0";"7,5";"7,30";"18,9";"";""
"30/07/2024";"1200";"11,2";"91,0";"1023,9";"1,5";"140,0";"5,0";"";"";"8,6";"0,4"
"30/07/2024";"1800";"18,4";"55,0";"1020,3";"3,6";"90,0";"5,0";"";"";"";""
"31/07/2024";"0000";"13,6";"75,0";"1018,7";"3,1";"360,0";"0,0";"7,70";"23,8";"";""
"31/07/2024";"1200";"13,4";"84,0";"1018,3";"0,0";"0,0";"0,0";"";"";"11,2";"0,0"
"31/07/2024";"1800";"23,8";"52,0";"1015,0";"1,0";"140,0";"2,5";"";"";"";""
"01/08/2024";"0000";"17,2";"82,0";"1014,7";"1,0";"140,0";"0,0";"7,10";"27,9";"";""
"01/08/2024";"1200";"15,3";"87,0";"1014,8";"1,5";"140,0";"2,5";"";"";"12,3";"0,0"
"01/08/2024";"1800";"27,2";"51,0";"1011,2";"0,5";"360,0";"3,8";"";"";"";""
"02/08/2024";"0000";"19,2";"85,0";"1010,8";"0,0";"0,0";"5,0";"7,40";"30,8";"";""
"02/08/2024";"1200";"16,8";"89,0";"1011,8";"0,5";"140,0";"2,5";"";"";"14,2";"0,0"
"02/08/2024";"1800";"30,1";"49,0";"1007,5";"0,0";"0,0";"0,0";"";"";"";""
"03/08/2024";"0000";"21,6";"76,0";"1007,1";"1,5";"360,0";"0,0";"6,10";"31,5";"";""
"03/08/2024";"1200";"19,9";"81,0";"1007,4";"0,0";"0,0";"0,0";"";"";"16,6";"0,0"
"03/08/2024";"1800";"31,5";"38,0";"1003,6";"3,6";"360,0";"8,8";"";"";"";""
"04/08/2024";"0000";"26,5";"52,0";"1005,9";"0,0";"0,0";"8,8";"0,00";"26,5";"";""
"04/08/2024";"1200";"15,3";"94,0";"1015,5";"1,5";"230,0";"10,0";"";"";"14,8";"6,6"
"04/08/2024";"1800";"15,4";"96,0";"1014,0";"1,5";"140,0";"10,0";"";"";"";""
"05/08/2024";"0000";"16,8";"98,0";"1013,8";"1,5";"140,0";"10,0";"3,40";"23,6";"";""
"05/08/2024";"1200";"17,5";"99,0";"1013,6";"1,5";"90,0";"10,0";"";"";"16,2";"4,4"
"05/08/2024";"1800";"22,9";"83,0";"1010,6";"3,1";"140,0";"7,5";"";"";"";""
"06/08/2024";"0000";"18,6";"93,0";"1010,4";"1,0";"140,0";"8,8";"0,00";"20,8";"";""
"06/08/2024";"1200";"19,0";"98,0";"1012,3";"2,1";"140,0";"10,0";"";"";"17,8";"7,3"
"06/08/2024";"1800";"20,2";"92,0";"1006,7";"2,6";"360,0";"8,8";"";"";"";""
"07/08/2024";"0000";"20,1";"90,0";"1004,8";"2,1";"360,0";"7,5";"0,00";"20,4";"";""
"07/08/2024";"1200";"17,6";"88,0";"1007,9";"1,5";"320,0";"10,0";"";"";"17,4";"2,3"
"07/08/2024";"1800";"16,8";"92,0";"1005,8";"2,6";"270,0";"10,0";"";"";"";""
"08/08/2024";"0000";"16,4";"96,0";"1006,8";"1,0";"230,0";"10,0";"0,00";"16,4";"";""
"08/08/2024";"1200";"14,0";"93,0";"1009,5";"1,5";"270,0";"10,0";"";"";"13,0";"5,7"
"08/08/2024";"1800";"14,6";"80,0";"1009,5";"1,5";"230,0";"10,0";"";"";"";""
"09/08/2024";"0000";"12,2";"93,0";"1012,6";"1,5";"320,0";"2,5";"2,20";"13,6";"";""
"09/08/2024";"1200";"10,0";"67,0";"1015,8";"3,6";"270,0";"7,5";"";"";"8,8";"1,5"
"09/08/2024";"1800";"11,8";"69,0";"1014,6";"5,7";"270,0";"10,0";"";"";"";""
"10/08/2024";"0000";"10,8";"79,0";"1016,0";"1,0";"270,0";"6,3";"2,00";"14,4";"";""
"10/08/2024";"1200";"10,5";"87,0";"1017,2";"2,6";"270,0";"10,0";"";"";"9,6";"0,0"
"10/08/2024";"1800";"13,0";"68,0";"1014,2";"2,6";"270,0";"10,0";"";"";"";""
"11/08/2024";"0000";"10,8";"82,0";"1014,2";"";"";"0,0";"8,30";"18,4";"";""
"11/08/2024";"1200";"11,1";"75,0";"1013,1";"1,5";"320,0";"0,0";"";"";"7,2";"0,0"
"11/08/2024";"1800";"17,8";"48,0";"1009,4";"4,1";"270,0";"1,3";"";"";"";""
"12/08/2024";"0000";"14,0";"77,0";"1011,1";"2,1";"270,0";"2,5";"8,10";"15,3";"";""
"12/08/2024";"1200";"8,7";"72,0";"1016,8";"3,1";"270,0";"8,8";"";"";"7,6";"0,0"
"12/08/2024";"1800";"14,9";"43,0";"1016,6";"3,1";"230,0";"1,3";"";"";"";""
"13/08/2024";"0000";"9,1";"77,0";"1019,9";"0,0";"0,0";"0,0";"8,00";"17,5";"";""
"13/08/2024";"1200";"7,9";"87,0";"1022,2";"";"";"0,0";"";"";"4,2";"0,0"
"13/08/2024";"1800";"16,3";"50,0";"1018,8";"0,0";"0,0";"0,0";"";"";"";""
"14/08/2024";"0000";"10,3";"82,0";"1018,2";"1,0";"140,0";"0,0";"8,10";"23,6";"";""
"14/08/2024";"1200";"9,1";"99,0";"1016,8";"0,0";"0,0";"0,0";"";"";"5,0";"0,0"
"14/08/2024";"1800";"22,8";"80,0";"1013,2";"1,0";"320,0";"0,0";"";"";"";""
"15/08/2024";"0000";"14,6";"80,0";"1013,0";"1,0";"320,0";"0,0";"7,40";"26,4";"";""
"15/08/2024";"1200";"11,3";"91,0";"1013,5";"0,0";"0,0";"3,8";"";"";"7,4";"0,0"
"15/08/2024";"1800";"26,0";"43,0";"1009,6";"0,0";"0,0";"3,8";"";"";"";""
"16/08/2024";"0000";"17,4";"81,0";"1010,4";"0,0";"0,0";"0,0";"6,50";"24,9";"";""
"16/08/2024";"1200";"14,7";"94,0";"1011,1";"0,5";"90,0";"5,0";"";"";"11,7";"0,0"
"16/08/2024";"1800";"24,1";"61,0";"1008,4";"0,0";"0,0";"3,8";"";"";"";""
"17/08/2024";"0000";"14,6";"89,0";"1010,3";"1,5";"140,0";"5,0";"0,00";"19,4";"";""
"17/08/2024";"1200";"14,8";"97,0";"1012,2";"2,6";"140,0";"10,0";"";"";"13,2";"0,0"
"17/08/2024";"1800";"19,0";"88,0";"1008,8";"3,1";"140,0";"10,0";"";"";"";""
"18/08/2024";"0000";"18,0";"90,0";"1009,5";"3,1";"90,0";"10,0";"4,30";"26,5";"";""
"18/08/2024";"1200";"16,9";"97,0";"1010,8";"1,0";"140,0";"10,0";"";"";"16,7";"0,0"
"18/08/2024";"1800";"25,9";"69,0";"1006,4";"2,1";"270,0";"5,0";"";"";"";""
"19/08/2024";"0000";"19,9";"92,0";"1007,5";"2,1";"140,0";"8,8";"1,80";"26,0";"";""
"19/08/2024";"1200";"18,7";"93,0";"1008,4";"1,0";"140,0";"8,8";"";"";"16,1";"0,5"
"19/08/2024";"1800";"18,7";"88,0";"1009,1";"2,1";"180,0";"10,0";"";"";"";""
"20/08/2024";"0000";"17,9";"97,0";"1012,4";"1,5";"270,0";"10,0";"0,00";"18,7";"";""
"20/08/2024";"1200";"16,7";"97,0";"1016,6";"2,6";"140,0";"10,0";"";"";"15,4";"3,3"
"20/08/2024";"1800";"17,3";"93,0";"1016,6";"1,5";"180,0";"10,0";"";"";"";""
"21/08/2024";"0000";"16,3";"91,0";"1014,2";"4,6";"140,0";"10,0";"7,50";"29,2";"";""
"21/08/2024";"1200";"20,1";"82,0";"1008,6";"2,1";"90,0";"0,0";"";"";"16,0";"4,7"
"21/08/2024";"1800";"28,7";"64,0";"1003,6";"1,5";"140,0";"7,5";"";"";"";""
"22/08/2024";"0000";"22,3";"79,0";"1004,7";"1,5";"180,0";"8,8";"1,80";"24,2";"";""
"22/08/2024";"1200";"19,6";"85,0";"1005,9";"1,5";"180,0";"10,0";"";"";"17,4";"0,0"
"22/08/2024";"1800";"20,0";"81,0";"1006,4";"3,1";"270,0";"10,0";"";"";"";""
"23/08/2024";"0000";"16,8";"92,0";"1006,7";"1,5";"270,0";"0,0";"0,00";"16,8";"";""
"23/08/2024";"1200";"11,8";"93,0";"1012,3";"1,0";"230,0";"10,0";"";"";"11,6";"5,2"
"23/08/2024";"1800";"12,4";"95,0";"1011,1";"1,5";"230,0";"10,0";"";"";"";""
"24/08/2024";"0000";"11,8";"90,0";"1014,4";"1,0";"180,0";"7,5";"7,10";"14,4";"";""
"24/08/2024";"1200";"11,4";"76,0";"1018,0";"2,6";"230,0";"8,8";"";"";"9,1";"5,3"
"24/08/2024";"1800";"13,2";"59,0";"1017,5";"2,1";"230,0";"7,5";"";"";"";""
"25/08/2024";"0000";"8,8";"83,0";"1020,0";"0,0";"0,0";"2,5";"8,00";"14,8";"";""
"25/08/2024";"1200";"9,4";"73,0";"1022,2";"4,1";"320,0";"0,0";"";"";"7,1";"0,0"
"25/08/2024";"1800";"13,7";"54,0";"1020,0";"4,1";"270,0";"7,5";"";"";"";""
"26/08/2024";"0000";"11,1";"72,0";"1021,4";"1,5";"270,0";"3,8";"9,60";"16,4";"";""
"26/08/2024";"1200";"9,0";"79,0";"1022,6";"2,6";"270,0";"3,8";"";"";"6,0";"0,0"
"26/08/2024";"1800";"15,8";"58,0";"1019,5";"3,1";"270,0";"2,5";"";"";"";""
"27/08/2024";"0000";"11,8";"84,0";"1021,0";"0,5";"270,0";"0,0";"7,80";"20,0";"";""
"27/08/2024";"1200";"10,6";"85,0";"1022,8";"1,0";"270,0";"10,0";"";"";"6,6";"0,0"
"27/08/2024";"1800";"19,2";"62,0";"1020,0";"0,5";"230,0";"3,8";"";"";"";""
"28/08/2024";"0000";"12,0";"90,0";"1020,6";"1,5";"90,0";"0,0";"5,00";"21,4";"";""
"28/08/2024";"1200";"11,9";"97,0";"1021,9";"2,1";"140,0";"10,0";"";"";"10,4";"0,0"
"28/08/2024";"1800";"20,9";"60,0";"1018,0";"3,1";"140,0";"1,3";"";"";"";""
"29/08/2024";"0000";"15,0";"84,0";"1017,5";"2,6";"140,0";"8,8";"0,00";"22,7";"";""
"29/08/2024";"1200";"14,9";"90,0";"1016,4";"0,0";"0,0";"10,0";"";"";"13,9";"0,0"
"29/08/2024";"1800";"22,3";"65,0";"1014,2";"0,0";"0,0";"8,8";"";"";"";""
"30/08/2024";"0000";"16,5";"89,0";"1015,6";"0,0";"0,0";"";"2,20";"22,3";"";""
"30/08/2024";"1200";"15,3";"91,0";"1016,6";"1,0";"140,0";"";"";"";"14,0";"0,0"
"30/08/2024";"1800";"21,5";"72,0";"1013,0";"2,6";"140,0";"8,8";"";"";"";""
"31/08/2024";"0000";"18,6";"88,0";"1014,4";"4,1";"140,0";"8,8";"2,30";"25,3";"";""
"31/08/2024";"1200";"19,1";"87,0";"1013,2";"4,1";"90,0";"8,8";"";"";"16,6";"0,0"
"31/08/2024";"1800";"24,9";"66,0";"1007,9";"1,0";"90,0";"8,8";"";"";"";""
"01/09/2024";"0000";"19,9";"86,0";"1008,4";"0,0";"0,0";"10,0";"5,60";"20,3";"";""
"01/09/2024";"1200";"15,5";"83,0";"1010,8";"3,6";"270,0";"7,5";"";"";"14,8";"0,9"
"01/09/2024";"1800";"18,2";"59,0";"1009,4";"4,6";"270,0";"1,3";"";"";"";""
"02/09/2024";"0000";"13,5";"77,0";"1012,0";"2,6";"270,0";"2,5";"5,00";"20,4";"";""
"02/09/2024";"1200";"14,5";"80,0";"1012,2";"2,1";"270,0";"7,5";"";"";"12,8";"0,0"
"02/09/2024";"1800";"19,2";"62,0";"1009,1";"2,6";"270,0";"0,0";"";"";"";""
"03/09/2024";"0000";"14,2";"87,0";"1008,7";"1,5";"90,0";"0,0";"7,10";"24,8";"";""
"03/09/2024";"1200";"13,4";"86,0";"1007,8";"0,5";"270,0";"10,0";"";"";"11,0";"0,0"
"03/09/2024";"1800";"24,4";"57,0";"1006,8";"2,1";"270,0";"10,0";"";"";"";""
"04/09/2024";"0000";"15,8";"83,0";"1011,1";"1,0";"140,0";"3,8";"2,60";"20,0";"";""
"04/09/2024";"1200";"15,4";"85,0";"1011,9";"4,6";"140,0";"8,8";"";"";"12,7";"0,0"
"04/09/2024";"1800";"16,8";"88,0";"1011,8";"4,1";"180,0";"10,0";"";"";"";""
"05/09/2024";"0000";"12,7";"97,0";"1015,4";"2,6";"140,0";"10,0";"8,20";"20,2";"";""
"05/09/2024";"1200";"12,8";"85,0";"1019,5";"1,0";"230,0";"8,8";"";"";"11,7";"27,6"
"05/09/2024";"1800";"19,5";"49,0";"1016,6";"2,1";"230,0";"2,5";"";"";"";""
"06/09/2024";"0000";"12,2";"73,0";"1016,7";"1,0";"360,0";"0,0";"9,80";"22,6";"";""
"06/09/2024";"1200";"14,0";"78,0";"1014,6";"2,1";"140,0";"2,5";"";"";"8,7";"0,0"
"06/09/2024";"1800";"22,0";"50,0";"1009,5";"2,6";"140,0";"2,5";"";"";"";""
"07/09/2024";"0000";"14,4";"85,0";"1008,6";"1,0";"140,0";"0,0";"0,00";"25,6";"";""
"07/09/2024";"1200";"15,2";"89,0";"1009,0";"0,0";"0,0";"10,0";"";"";"11,6";"0,0"
"07/09/2024";"1800";"25,2";"63,0";"1006,2";"0,5";"270,0";"10,0";"";"";"";""
"08/09/2024";"0000";"18,2";"88,0";"1011,1";"1,0";"140,0";"10,0";"0,10";"19,6";"";""
"08/09/2024";"1200";"16,2";"93,0";"1012,8";"1,5";"180,0";"";"";"";"14,5";"0,0"
"08/09/2024";"1800";"19,3";"86,0";"1010,8";"2,1";"180,0";"";"";"";"";""
"09/09/2024";"0000";"17,8";"94,0";"1013,1";"2,6";"90,0";"";"1,60";"25,1";"";""
"09/09/2024";"1200";"21,7";"87,0";"1009,9";"1,5";"90,0";"10,0";"";"";"17,4";"0,0"
"09/09/2024";"1800";"24,5";"73,0";"1007,5";"2,1";"140,0";"10,0";"";"";"";""
"10/09/2024";"0000";"20,2";"86,0";"1006,3";"1,5";"140,0";"8,8";"0,40";"29,7";"";""
"10/09/2024";"1200";"21,1";"92,0";"1005,1";"0,0";"0,0";"";"";"";"18,4";"0,0"
"10/09/2024";"1800";"28,9";"64,0";"1001,6";"0,0";"0,0";"";"";"";"";""
"11/09/2024";"0000";"21,3";"86,0";"1002,8";"2,1";"140,0";"";"0,00";"31,5";"";""
"11/09/2024";"1200";"23,9";"71,0";"1003,0";"0,0";"0,0";"";"";"";"18,2";"0,0"
"11/09/2024";"1800";"24,3";"72,0";"1001,0";"";"";"";"";"";"";""
"12/09/2024";"0000";"17,5";"94,0";"1008,6";"1,5";"180,0";"";"0,00";"18,5";"";""
"12/09/2024";"1200";"17,7";"94,0";"1009,5";"3,6";"140,0";"10,0";"";"";"17,2";"0,2"
"12/09/2024";"1800";"17,0";"95,0";"1010,2";"2,1";"360,0";"10,0";"";"";"";""
"13/09/2024";"0000";"17,5";"93,0";"1007,0";"2,1";"140,0";"8,8";"0,00";"21,6";"";""
"13/09/2024";"1200";"18,4";"94,0";"1006,0";"0,0";"90,0";"10,0";"";"";"17,0";"1,9"
"13/09/2024";"1800";"20,8";"91,0";"1003,0";"2,1";"230,0";"10,0";"";"";"";""
"14/09/2024";"0000";"19,0";"96,0";"1005,4";"0,5";"140,0";"10,0";"3,20";"20,8";"";""
"14/09/2024";"1200";"18,0";"92,0";"1012,2";"2,6";"140,0";"10,0";"";"";"17,2";"26,0"
"14/09/2024";"1800";"19,4";"76,0";"1012,4";"3,1";"180,0";"6,3";"";"";"";""
"15/09/2024";"0000";"14,4";"80,0";"1017,0";"1,0";"180,0";"0,0";"1,60";"20,0";"";""
"15/09/2024";"1200";"15,6";"83,0";"1019,5";"2,6";"140,0";"10,0";"";"";"10,2";"0,4"
"15/09/2024";"1800";"19,2";"68,0";"1016,4";"3,1";"140,0";"10,0";"";"";"";""
"16/09/2024";"0000";"16,0";"79,0";"1017,6";"1,5";"140,0";"6,3";"4,30";"23,7";"";""
"16/09/2024";"1200";"16,1";"93,0";"1019,1";"2,1";"140,0";"10,0";"";"";"14,8";"0,0"
"16/09/2024";"1800";"22,5";"66,0";"1017,8";"3,1";"180,0";"7,5";"";"";"";""
"17/09/2024";"0000";"16,7";"93,0";"1018,7";"2,1";"140,0";"1,3";"8,70";"25,8";"";""
"17/09/2024";"1200";"15,7";"90,0";"1019,1";"1,5";"360,0";"10,0";"";"";"13,2";"0,0"
"17/09/2024";"1800";"25,5";"49,0";"1014,2";"3,1";"90,0";"1,3";"";"";"";""
"18/09/2024";"0000";"17,3";"86,0";"1015,1";"3,1";"140,0";"1,3";"10,00";"27,3";"";""
"18/09/2024";"1200";"20,9";"67,0";"1014,7";"2,6";"90,0";"2,5";"";"";"14,4";"0,0"
"18/09/2024";"1800";"26,5";"51,0";"1009,4";"0,0";"0,0";"6,3";"";"";"";""
"19/09/2024";"0000";"18,3";"82,0";"1009,1";"0,5";"140,0";"0,0";"6,30";"28,5";"";""
"19/09/2024";"1200";"22,1";"64,0";"1009,0";"0,0";"0,0";"5,0";"";"";"14,8";"0,0"
"19/09/2024";"1800";"28,1";"57,0";"1003,2";"2,1";"90,0";"10,0";"";"";"";""
"20/09/2024";"0000";"23,3";"76,0";"1000,4";"1,5";"360,0";"";"1,40";"24,6";"";""
"20/09/2024";"1200";"19,2";"92,0";"1005,2";"1,5";"270,0";"10,0";"";"";"18,8";"33,0"
"20/09/2024";"1800";"23,8";"66,0";"1006,6";"2,1";"270,0";"10,0";"";"";"";""
"21/09/2024";"0000";"21,0";"91,0";"1008,7";"0,5";"140,0";"7,5";"4,70";"26,8";"";""
"21/09/2024";"1200";"19,0";"94,0";"1011,0";"1,0";"230,0";"10,0";"";"";"19,0";"0,8"
"21/09/2024";"1800";"26,4";"65,0";"1007,9";"2,1";"140,0";"6,3";"";"";"";""
"22/09/2024";"0000";"20,0";"89,0";"957,0";"2,6";"90,0";"7,5";"7,60";"32,9";"";""
"22/09/2024";"1200";"19,6";"89,0";"1007,1";"0,5";"140,0";"7,5";"";"";"16,9";"0,0"
"22/09/2024";"1800";"32,5";"54,0";"1001,9";"1,5";"360,0";"";"";"";"";""
"23/09/2024";"0000";"24,6";"81,0";"1002,3";"0,0";"0,0";"";"0,00";"25,1";"";""
"23/09/2024";"1200";"21,9";"91,0";"1005,1";"3,6";"140,0";"";"";"";"21,8";"0,0"
"23/09/2024";"1800";"23,1";"76,0";"1008,0";"4,1";"180,0";"10,0";"";"";"";""
"24/09/2024";"0000";"20,5";"87,0";"1008,8";"3,6";"140,0";"10,0";"0,00";"24,9";"";""
"24/09/2024";"1200";"22,8";"77,0";"1004,0";"3,1";"50,0";"";"";"";"19,4";"23,1"
"24/09/2024";"1800";"22,2";"84,0";"1005,0";"3,1";"140,0";"10,0";"";"";"";""
"25/09/2024";"0000";"20,5";"92,0";"1005,8";"4,6";"180,0";"10,0";"0,00";"21,3";"";""
"25/09/2024";"1200";"20,5";"95,0";"1007,2";"4,6";"140,0";"10,0";"";"";"20,4";"20,9"
"25/09/2024";"1800";"20,9";"95,0";"1003,5";"2,6";"90,0";"10,0";"";"";"";""
"26/09/2024";"0000";"20,0";"96,0";"1007,0";"1,5";"140,0";"10,0";"0,00";"20,2";"";""
"26/09/2024";"1200";"19,8";"96,0";"1007,9";"3,6";"230,0";"10,0";"";"";"19,4";"44,4"
"26/09/2024";"1800";"18,6";"94,0";"1006,8";"2,1";"180,0";"10,0";"";"";"";""
"27/09/2024";"0000";"17,4";"98,0";"1008,6";"1,0";"180,0";"10,0";"8,00";"24,4";"";""
"27/09/2024";"1200";"19,0";"90,0";"1012,4";"1,5";"230,0";"7,5";"";"";"16,0";"32,4"
"27/09/2024";"1800";"24,0";"59,0";"1011,6";"3,1";"140,0";"7,5";"";"";"";""
"28/09/2024";"0000";"17,4";"92,0";"1013,4";"0,5";"140,0";"2,5";"9,10";"26,8";"";""
"28/09/2024";"1200";"18,6";"87,0";"1015,2";"1,5";"140,0";"3,8";"";"";"14,3";"0,3"
"28/09/2024";"1800";"26,1";"47,0";"1011,5";"2,1";"140,0";"2,5";"";"";"";""
"29/09/2024";"0000";"18,2";"81,0";"1012,0";"2,1";"140,0";"0,0";"10,40";"31,5";"";""
"29/09/2024";"1200";"21,0";"80,0";"1012,8";"0,0";"0,0";"0,0";"";"";"13,7";"0,0"
"29/09/2024";"1800";"30,9";"43,0";"1008,6";"2,1";"90,0";"0,0";"";"";"";""
"30/09/2024";"0000";"21,2";"73,0";"1008,2";"1,0";"140,0";"0,0";"10,10";"34,0";"";""
"30/09/2024";"1200";"23,2";"68,0";"1006,6";"0,0";"0,0";"0,0";"";"";"14,6";"0,0"
"30/09/2024";"1800";"33,2";"39,0";"1001,1";"2,1";"360,0";"5,0";"";"";"";""
"01/10/2024";"0000";"25,4";"73,0";"999,5";"0,5";"140,0";"0,0";"0,00";"27,0";"";""
"01/10/2024";"1200";"21,9";"85,0";"1004,7";"2,1";"140,0";"10,0";"";"";"21,0";"1,2"
"01/10/2024";"1800";"19,5";"94,0";"1004,2";"3,1";"140,0";"10,0";"";"";"";""
"02/10/2024";"0000";"19,1";"98,0";"1001,6";"0,0";"0,0";"10,0";"2,70";"21,5";"";""
"02/10/2024";"1200";"18,5";"89,0";"1006,8";"2,1";"180,0";"10,0";"";"";"18,0";"33,5"
"02/10/2024";"1800";"21,1";"66,0";"1007,8";"2,6";"180,0";"8,8";"";"";"";""
"03/10/2024";"0000";"16,8";"69,0";"1013,2";"2,1";"140,0";"8,8";"10,20";"20,4";"";""
"03/10/2024";"1200";"17,3";"64,0";"1018,4";"2,6";"180,0";"1,3";"";"";"12,8";"0,2"
"03/10/2024";"1800";"19,7";"54,0";"1016,4";"3,1";"180,0";"1,3";"";"";"";""
"04/10/2024";"0000";"13,6";"80,0";"1018,4";"1,5";"90,0";"0,0";"10,50";"23,7";"";""
"04/10/2024";"1200";"18,9";"66,0";"1018,7";"2,6";"140,0";"2,5";"";"";"10,3";"0,0"
"04/10/2024";"1800";"23,5";"41,0";"1015,8";"3,6";"140,0";"2,5";"";"";"";""
"05/10/2024";"0000";"17,0";"78,0";"1016,3";"2,6";"140,0";"0,0";"10,60";"26,8";"";""
"05/10/2024";"1200";"20,5";"65,0";"1014,6";"0,0";"0,0";"0,0";"";"";"13,6";"0,0"
"05/10/2024";"1800";"25,9";"55,0";"1011,8";"2,1";"180,0";"1,3";"";"";"";""
"06/10/2024";"0000";"18,4";"80,0";"1012,6";"1,0";"140,0";"2,5";"";"";"";""
"06/10/2024";"1200";"20,7";"82,0";"1013,4";"2,6";"140,0";"7,5";"";"";"15,3";"0,0"
"06/10/2024";"1800";"";"";"";"";"";"";"";"";"";""